{
  "final_loss": 3.394920369116994,
  "final_ppl": 29.812279402281344,
  "steps": 40000
}