{
  "ste_loss": 3.177777187043502,
  "all_layer_reeval": {
    "final_loss": 3.7468731299176987,
    "degradation_pct": 17.908616916079783
  },
  "output_only_reeval": {
    "final_loss": 2.9550181022389026,
    "degradation_pct": -7.009902573183456
  },
  "layer_wise": {
    "final_loss": 3.4184089950722036,
    "degradation_pct": 7.572331030942342,
    "per_layer": [
      {
        "layer": 0,
        "loss": 3.4713987829064363,
        "ppl": 32.18172622469006,
        "degradation_pct": 9.239842146897349
      },
      {
        "layer": 1,
        "loss": 3.5714213378432924,
        "ppl": 35.567110121875935,
        "degradation_pct": 12.387405649608302
      },
      {
        "layer": 2,
        "loss": 3.537854738878835,
        "ppl": 34.39305790335182,
        "degradation_pct": 11.33111387744391
      },
      {
        "layer": 3,
        "loss": 3.4184089950722036,
        "ppl": 30.520817600730677,
        "degradation_pct": 7.572331030942342
      }
    ]
  }
}